{
  "data": [
    {
      "id": "001",
      "parent": "0",
      "text": "项目1",
      "type": "project",
      "render": "split",
      "status": 3,
      "progress": 0.8,
      "end_date": "2025-04-31",
      "start_date": "2024-11-01",
      "users": [{ "value": 1, "label": "张三" }],
      "open": true
    },
    {
      "id": "0011",
      "text": "项目1节点1",
      "parent": "001",
      "start_date": "2024-11-01",
      "end_date": "2024-11-30",
      "status": 4,
      "users": [
        { "value": 1, "label": "张三" },
        { "value": 2, "label": "李四" }
      ]
    },
    {
      "id": "0012",
      "text": "项目1节点2",
      "parent": "001",
      "start_date": "2024-12-01",
      "end_date": "2024-12-31",
      "status": 2,
      "users": [
        { "value": 3, "label": "王五" },
        { "value": 4, "label": "赫六" }
      ]
    },
    {
      "id": "0013",
      "text": "项目1节点3",
      "parent": "001",
      "start_date": "2025-01-01",
      "end_date": "2025-01-31",
      "status": 2,
      "users": [{ "value": 4, "label": "赫六" }]
    },
    {
      "id": "0014",
      "text": "项目1节点4",
      "progress": 0.8,
      "parent": "001",
      "start_date": "2025-02-01",
      "end_date": "2025-02-28",
      "status": 3,
      "users": [{ "value": 3, "label": "王五" }]
    },
    {
      "id": "0015",
      "text": "项目1节点5",
      "parent": "001",
      "start_date": "2024-12-10",
      "end_date": "2025-02-10",
      "status": 1,
      "users": [{ "value": 1, "label": "张三" }]
    },
    {
      "id": "0016",
      "text": "项目1节点6",
      "parent": "001",
      "start_date": "2024-11-20",
      "end_date": "2025-01-20",
      "status": 1,
      "users": [
        { "value": 1, "label": "张三" },
        { "value": 3, "label": "王五" }
      ]
    }
  ],
  "links": []
}
