{
  "id": "4284831",
  "name": "ecm-marker",
  "font_family": "iconfont",
  "css_prefix_text": "icon-",
  "description": "",
  "glyphs": [
    {
      "icon_id": "5450042",
      "name": "二氧化碳",
      "font_class": "yunduan",
      "unicode": "e604",
      "unicode_decimal": 58884
    },
    {
      "icon_id": "553251",
      "name": "组织架构",
      "font_class": "zuzhijiagou",
      "unicode": "e620",
      "unicode_decimal": 58912
    },
    {
      "icon_id": "1727348",
      "name": "17企业、园区、物业-线性",
      "font_class": "qiyeyuanquwuye-xianxing",
      "unicode": "e894",
      "unicode_decimal": 59540
    },
    {
      "icon_id": "1909274",
      "name": "血氧——圆边",
      "font_class": "xieyangyuanbian",
      "unicode": "e649",
      "unicode_decimal": 58953
    },
    {
      "icon_id": "12249269",
      "name": "工作台",
      "font_class": "gongzuotai",
      "unicode": "e60b",
      "unicode_decimal": 58891
    },
    {
      "icon_id": "13654099",
      "name": "import",
      "font_class": "icon_import",
      "unicode": "e60a",
      "unicode_decimal": 58890
    },
    {
      "icon_id": "16290390",
      "name": "系统设置",
      "font_class": "xitongshezhi",
      "unicode": "e62a",
      "unicode_decimal": 58922
    },
    {
      "icon_id": "34453339",
      "name": "供应链服务",
      "font_class": "gongyinglianfuwu",
      "unicode": "e877",
      "unicode_decimal": 59511
    },
    {
      "icon_id": "11982742",
      "name": "Home, homepage, menu",
      "font_class": "Homehomepagemenu",
      "unicode": "e9db",
      "unicode_decimal": 59867
    },
    {
      "icon_id": "15188460",
      "name": "map-marker",
      "font_class": "map-marker",
      "unicode": "e6fe",
      "unicode_decimal": 59134
    }
  ]
}
